file,peak_linear_acc_mps2,peak_rotational_acc_rads2
Rugby1.xlsx,19.5778,2632.2557
Rugby10.xlsx,12.1096,845.6099
Rugby100.xlsx,15.5482,1132.8479
Rugby1000.xlsx,13.2321,1149.9712
Rugby1001.xlsx,31.2642,1647.0052
Rugby1002.xlsx,13.2887,707.7919
Rugby1003.xlsx,17.8120,2191.6430
Rugby1004.xlsx,11.4364,2556.2907
Rugby1005.xlsx,20.0474,1898.3292
Rugby1006.xlsx,36.2339,8613.6930
Rugby1007.xlsx,16.0335,1230.1632
Rugby1008.xlsx,8.0266,1153.1056
Rugby1009.xlsx,25.1003,2375.7332
Rugby101.xlsx,9.5714,922.1754
Rugby1010.xlsx,24.6897,2658.6995
Rugby1011.xlsx,25.7968,2293.2886
Rugby1012.xlsx,11.9381,1029.8809
Rugby1013.xlsx,15.4536,1565.9748
Rugby1014.xlsx,12.4101,1455.6108
Rugby1015.xlsx,15.3763,1950.3288
Rugby1016.xlsx,16.4223,914.0617
Rugby1017.xlsx,81.7184,8183.6153
Rugby1018.xlsx,10.6194,906.4865
Rugby1019.xlsx,23.9387,2258.2451
Rugby102.xlsx,31.7212,1923.9205
Rugby1020.xlsx,127.2676,14393.2653
Rugby1021.xlsx,27.1436,2723.6780
Rugby1022.xlsx,40.9972,1611.7644
Rugby1023.xlsx,13.0668,1017.3158
Rugby1024.xlsx,18.3913,1485.1476
Rugby1025.xlsx,20.5042,1203.0360
Rugby1026.xlsx,34.3316,3334.1384
Rugby1027.xlsx,21.1317,1056.5974
Rugby1028.xlsx,71.2744,1701.5013
Rugby1029.xlsx,11.6280,1292.1990
Rugby103.xlsx,19.2594,1924.1484
Rugby1030.xlsx,23.1486,2082.8175
Rugby1031.xlsx,8.6119,639.0830
Rugby1032.xlsx,14.1875,1173.5014
Rugby1033.xlsx,16.3589,1324.6951
Rugby1034.xlsx,17.6998,1620.5893
Rugby1035.xlsx,15.7299,1819.5350
Rugby1036.xlsx,13.8072,1291.1726
Rugby1037.xlsx,24.3659,1797.5024
Rugby1038.xlsx,12.4383,1136.1811
Rugby1039.xlsx,44.4139,2834.1660
Rugby104.xlsx,20.2253,2816.7155
Rugby1040.xlsx,14.2797,511.3240
Rugby1041.xlsx,16.3091,1480.3068
Rugby1042.xlsx,35.7833,4153.5686
Rugby1043.xlsx,16.4023,1637.7035
Rugby1044.xlsx,19.3786,953.7391
Rugby1045.xlsx,21.8484,2603.4730
Rugby1046.xlsx,37.2270,2456.5555
Rugby1047.xlsx,22.4275,2145.5788
Rugby1048.xlsx,36.1855,2118.5384
Rugby1049.xlsx,17.5086,1323.7772
Rugby105.xlsx,25.8999,2594.6886
Rugby1050.xlsx,25.5401,1352.6567
Rugby1051.xlsx,17.2547,1765.6638
Rugby1052.xlsx,6.5023,1163.7566
Rugby1053.xlsx,21.1657,1154.1509
Rugby1054.xlsx,40.4808,1272.3826
Rugby1055.xlsx,10.4833,1864.7931
Rugby1056.xlsx,39.6942,2199.9074
Rugby1057.xlsx,24.0785,5318.3660
Rugby1058.xlsx,18.5266,1920.3949
Rugby1059.xlsx,21.7231,2667.3342
Rugby106.xlsx,12.8420,1270.2546
Rugby1060.xlsx,25.5660,1548.4720
Rugby1061.xlsx,14.9305,1112.7824
Rugby1062.xlsx,16.2708,975.6814
Rugby1063.xlsx,14.4669,1696.1111
Rugby1064.xlsx,11.6258,769.2037
Rugby1065.xlsx,14.1256,860.0681
Rugby1066.xlsx,12.9873,1441.9128
Rugby1067.xlsx,39.1990,1233.6844
Rugby1068.xlsx,14.1168,1793.8160
Rugby1069.xlsx,11.0782,1398.4010
Rugby107.xlsx,14.6627,1401.4762
Rugby1070.xlsx,26.0332,1414.4166
Rugby1071.xlsx,6.0435,554.8194
Rugby1072.xlsx,17.1694,1523.4533
Rugby1073.xlsx,9.7821,594.1344
Rugby1074.xlsx,4.3930,230.8880
Rugby1075.xlsx,13.1648,1657.6566
Rugby1076.xlsx,17.5265,1426.9200
Rugby1077.xlsx,12.4828,1381.1950
Rugby1078.xlsx,20.4268,1234.0647
Rugby1079.xlsx,23.7885,1096.1922
Rugby108.xlsx,17.2054,947.4920
Rugby1080.xlsx,17.3776,1203.6307
Rugby1081.xlsx,13.4311,1719.6137
Rugby1082.xlsx,21.7554,1706.0702
Rugby1083.xlsx,43.6750,2752.1700
Rugby1084.xlsx,9.0534,828.0861
Rugby1085.xlsx,9.6389,1381.5037
Rugby1086.xlsx,49.9209,2460.3300
Rugby1087.xlsx,15.7506,533.3863
Rugby1088.xlsx,12.2300,1120.8405
Rugby1089.xlsx,10.0254,1339.3044
Rugby109.xlsx,11.9201,788.1989
Rugby1090.xlsx,18.5115,2239.6762
Rugby1091.xlsx,35.0970,2081.6984
Rugby1092.xlsx,17.5112,1514.5651
Rugby1093.xlsx,27.5276,2552.5898
Rugby1094.xlsx,11.5071,1171.9186
Rugby1095.xlsx,12.0283,471.9972
Rugby1096.xlsx,14.2861,1512.5659
Rugby1097.xlsx,13.2213,583.2789
Rugby1098.xlsx,18.7013,332.4294
Rugby1099.xlsx,9.0813,1151.5315
Rugby11.xlsx,11.9291,1551.3353
Rugby110.xlsx,10.9793,675.7746
Rugby1100.xlsx,9.1279,396.6023
Rugby1101.xlsx,33.5278,4227.5551
Rugby1102.xlsx,12.4950,1025.0733
Rugby1103.xlsx,9.8889,332.4451
Rugby1104.xlsx,14.1692,1651.6271
Rugby1105.xlsx,17.4254,2048.0172
Rugby1106.xlsx,13.2386,1064.7125
Rugby1107.xlsx,16.3136,1699.1941
Rugby1108.xlsx,19.7536,763.0678
Rugby1109.xlsx,12.0752,349.1429
Rugby111.xlsx,12.0203,487.0307
Rugby1110.xlsx,19.5372,873.3413
Rugby1111.xlsx,12.6244,1075.2074
Rugby1112.xlsx,23.4407,1231.1121
Rugby1113.xlsx,17.8507,1023.6101
Rugby1114.xlsx,20.6216,2502.2273
Rugby1115.xlsx,20.8273,2254.3892
Rugby1116.xlsx,12.9309,776.4088
Rugby1117.xlsx,57.7012,6047.5954
Rugby1118.xlsx,10.8912,1089.0595
Rugby1119.xlsx,19.5248,1902.0288
Rugby112.xlsx,27.8144,1087.3030
Rugby1120.xlsx,10.3575,1083.3209
Rugby1121.xlsx,20.5968,2195.1976
Rugby1122.xlsx,64.2219,7291.6300
Rugby1123.xlsx,10.9973,1303.5749
Rugby1124.xlsx,10.2083,406.9145
Rugby1125.xlsx,20.2517,2183.5878
Rugby1126.xlsx,14.5254,1606.0990
Rugby1127.xlsx,20.2133,1343.1350
Rugby1128.xlsx,13.0684,1655.5844
Rugby1129.xlsx,15.4876,878.6799
Rugby113.xlsx,11.5054,1116.4882
Rugby1130.xlsx,32.1437,3054.3942
Rugby1131.xlsx,28.0750,3003.3911
Rugby1132.xlsx,13.4552,3701.3531
Rugby1133.xlsx,13.9112,1257.9527
Rugby1134.xlsx,34.5144,3627.5923
Rugby1135.xlsx,32.9326,2850.1849
Rugby1136.xlsx,26.8963,3119.2964
Rugby1137.xlsx,7.5404,261.7114
Rugby1138.xlsx,13.8376,1409.1206
Rugby1139.xlsx,110.4586,12650.0308
Rugby114.xlsx,18.9793,849.6609
Rugby1140.xlsx,18.8012,2319.0382
Rugby1141.xlsx,21.3191,2591.1480
Rugby1142.xlsx,16.7967,1635.1661
Rugby1143.xlsx,12.6253,1304.8406
Rugby1144.xlsx,17.3115,1583.5186
Rugby1145.xlsx,9.1781,617.4316
Rugby1146.xlsx,12.5296,954.7504
Rugby1147.xlsx,3.8163,266.4660
Rugby1148.xlsx,13.3808,1407.3759
Rugby1149.xlsx,13.8363,858.8213
Rugby115.xlsx,4.0083,131.0839
Rugby1150.xlsx,10.8669,650.6760
Rugby1151.xlsx,23.8817,1061.8891
Rugby1152.xlsx,23.2558,2400.2732
Rugby1153.xlsx,8.0607,833.0878
Rugby1154.xlsx,32.0789,3353.7896
Rugby1155.xlsx,113.6904,2659.0760
Rugby1156.xlsx,30.1109,3095.6704
Rugby1157.xlsx,12.9647,692.2550
Rugby1158.xlsx,14.2266,930.4587
Rugby1159.xlsx,27.3663,3051.8381
Rugby116.xlsx,17.5994,1024.6591
Rugby1160.xlsx,19.3935,1341.1963
Rugby1161.xlsx,3.6616,369.7180
Rugby1162.xlsx,6.9685,1400.9286
Rugby1163.xlsx,8.8508,1008.0359
Rugby1164.xlsx,14.5587,1688.3238
Rugby1165.xlsx,11.4738,938.5213
Rugby1166.xlsx,24.3101,2503.7185
Rugby1167.xlsx,10.9178,1002.5495
Rugby1168.xlsx,7.6810,780.3606
Rugby1169.xlsx,30.2507,4250.3894
Rugby117.xlsx,14.3001,973.6228
Rugby1170.xlsx,17.2281,626.7813
Rugby1171.xlsx,18.1889,1581.5961
Rugby1172.xlsx,19.5199,2638.7219
Rugby1173.xlsx,24.5587,1651.1895
Rugby1174.xlsx,19.3945,2074.8250
Rugby1175.xlsx,4.4779,808.8953
Rugby1176.xlsx,31.8688,1864.0745
Rugby1177.xlsx,15.7998,1442.0184
Rugby1178.xlsx,17.6966,1876.5539
Rugby1179.xlsx,15.1332,795.0782
Rugby118.xlsx,29.6556,2473.6869
Rugby1180.xlsx,19.7488,1943.9637
Rugby1181.xlsx,9.3259,820.3449
Rugby1182.xlsx,21.5765,2142.9027
Rugby1183.xlsx,14.4515,720.9161
Rugby1184.xlsx,10.2215,286.0117
Rugby1185.xlsx,24.2539,1582.0233
Rugby1186.xlsx,21.2060,2777.3648
Rugby1187.xlsx,11.0710,1658.2548
Rugby1188.xlsx,21.5768,2553.1863
Rugby1189.xlsx,11.1732,2738.6177
Rugby119.xlsx,21.8887,1238.6537
Rugby1190.xlsx,32.2049,3188.6300
Rugby1191.xlsx,36.0356,1630.4627
Rugby1192.xlsx,11.6758,1539.5357
Rugby1193.xlsx,5.4233,261.9166
Rugby1194.xlsx,25.2831,2863.4073
Rugby1195.xlsx,10.7624,654.5685
Rugby1196.xlsx,9.1795,936.2259
Rugby1197.xlsx,28.3585,2994.7018
Rugby1198.xlsx,19.2677,1465.9087
Rugby1199.xlsx,19.5152,2332.1557
Rugby12.xlsx,9.2245,1129.9964
Rugby120.xlsx,15.8715,1546.9503
Rugby1200.xlsx,29.0524,3336.1183
Rugby1201.xlsx,31.7351,3476.3772
Rugby1202.xlsx,15.7202,1853.7734
Rugby1203.xlsx,16.0919,1563.1063
Rugby1204.xlsx,16.0971,1709.2111
Rugby1205.xlsx,57.8038,1891.7554
Rugby1206.xlsx,11.0732,2781.6463
Rugby1207.xlsx,27.9278,2793.2237
Rugby1208.xlsx,20.2021,2154.8497
Rugby1209.xlsx,17.9970,2023.9871
Rugby121.xlsx,52.2132,4516.6801
Rugby1210.xlsx,10.4601,1073.0867
Rugby1211.xlsx,9.7424,821.3676
Rugby1212.xlsx,10.1303,1125.5765
Rugby1213.xlsx,21.4799,2342.7263
Rugby1214.xlsx,35.4656,4042.1411
Rugby1215.xlsx,11.5783,644.1678
Rugby1216.xlsx,13.2456,1508.6610
Rugby1217.xlsx,31.3789,3311.3633
Rugby1218.xlsx,31.8649,3229.3235
Rugby1219.xlsx,50.0781,5454.4313
Rugby122.xlsx,7.8830,734.5968
Rugby1220.xlsx,9.0128,892.2149
Rugby1221.xlsx,27.7643,2693.2186
Rugby1222.xlsx,25.8811,1787.3993
Rugby1223.xlsx,13.6536,1090.1615
Rugby1224.xlsx,17.3788,1722.4895
Rugby1225.xlsx,17.8836,548.5448
Rugby1226.xlsx,10.7195,1320.9177
Rugby1227.xlsx,17.8291,583.2729
Rugby1228.xlsx,15.7584,1078.7318
Rugby1229.xlsx,13.7643,1214.9086
Rugby123.xlsx,12.1253,474.9552
Rugby1230.xlsx,9.2812,817.5548
Rugby1231.xlsx,12.2887,962.8930
Rugby1232.xlsx,10.2353,1297.8868
Rugby1233.xlsx,7.2777,633.0133
Rugby1234.xlsx,65.6043,6863.7710
Rugby1235.xlsx,16.7948,981.5501
Rugby1236.xlsx,27.1865,2649.9101
Rugby1237.xlsx,13.1848,1388.0090
Rugby1238.xlsx,29.9660,2979.9238
Rugby1239.xlsx,11.8586,972.8705
Rugby124.xlsx,15.4767,1197.4701
Rugby1240.xlsx,18.1281,788.5765
Rugby1241.xlsx,12.5468,1241.3175
Rugby1242.xlsx,9.0670,807.8755
Rugby1243.xlsx,18.2413,517.1534
Rugby1244.xlsx,39.6418,4496.3195
Rugby1245.xlsx,27.3882,2635.9002
Rugby1246.xlsx,7.5647,387.7805
Rugby1247.xlsx,35.2850,1835.9133
Rugby1248.xlsx,17.9653,702.7099
Rugby1249.xlsx,10.2302,691.3628
Rugby125.xlsx,22.6846,1267.7989
Rugby1250.xlsx,46.0084,5620.9784
Rugby1251.xlsx,14.3215,1161.6372
Rugby1252.xlsx,30.0489,3655.4777
Rugby1253.xlsx,11.9293,2259.7329
Rugby1254.xlsx,10.4783,1301.0063
Rugby1255.xlsx,13.3089,971.7302
Rugby1256.xlsx,22.3690,3502.1816
Rugby1257.xlsx,17.3495,2170.4040
Rugby1258.xlsx,6.3877,489.1744
Rugby1259.xlsx,14.1474,1660.6492
Rugby126.xlsx,22.7948,1401.8138
Rugby1260.xlsx,13.2688,1490.4310
Rugby1261.xlsx,26.4370,1513.2985
Rugby1262.xlsx,11.5634,862.6916
Rugby1263.xlsx,15.3869,3038.6236
Rugby1264.xlsx,21.1594,2347.0532
Rugby1265.xlsx,20.2446,1799.4867
Rugby1266.xlsx,24.4693,2495.4459
Rugby1267.xlsx,17.5971,1460.9581
Rugby1268.xlsx,29.2626,3474.9379
Rugby1269.xlsx,18.1421,1993.3716
Rugby127.xlsx,4.9760,576.1162
Rugby1270.xlsx,60.9333,7404.4283
Rugby1271.xlsx,14.9559,1144.3802
Rugby1272.xlsx,19.7256,1781.2981
Rugby1273.xlsx,61.7537,6420.8090
Rugby1274.xlsx,14.7191,1520.9977
Rugby1275.xlsx,28.0852,2104.4643
Rugby1276.xlsx,24.6049,2560.6959
Rugby1277.xlsx,25.8429,3002.2353
Rugby1278.xlsx,19.1229,2012.5427
Rugby1279.xlsx,19.8740,1049.9012
Rugby128.xlsx,24.5845,2999.1218
Rugby1280.xlsx,16.2599,1477.0986
Rugby1281.xlsx,12.3008,1353.6851
Rugby1282.xlsx,18.1159,933.4977
Rugby1283.xlsx,15.5574,4692.7264
Rugby1284.xlsx,9.7283,490.8546
Rugby1285.xlsx,28.7253,2043.9223
Rugby1286.xlsx,22.9612,2527.9328
Rugby1287.xlsx,7.6739,1012.3109
Rugby1288.xlsx,37.1797,4027.5227
Rugby1289.xlsx,16.0937,1408.9564
Rugby129.xlsx,9.5820,539.2984
Rugby1290.xlsx,10.1262,867.6501
Rugby1291.xlsx,12.3507,684.1154
Rugby1292.xlsx,9.7996,982.9841
Rugby1293.xlsx,14.4395,1603.8778
Rugby1294.xlsx,18.7598,740.7172
Rugby1295.xlsx,37.5919,3069.9907
Rugby1296.xlsx,9.9687,1405.3910
Rugby1297.xlsx,11.1494,1058.2268
Rugby1298.xlsx,28.9104,2579.3722
Rugby1299.xlsx,32.0710,1971.8021
Rugby13.xlsx,12.8826,817.0260
Rugby130.xlsx,14.5102,870.8173
Rugby1300.xlsx,20.7314,1985.6445
Rugby1301.xlsx,44.8732,2437.8785
Rugby1302.xlsx,53.5355,2765.6278
Rugby1303.xlsx,22.0609,2106.3292
Rugby1304.xlsx,40.6207,3326.1242
Rugby1305.xlsx,39.6986,3792.5087
Rugby1306.xlsx,17.0643,2813.2998
Rugby1307.xlsx,39.6185,2865.2145
Rugby1308.xlsx,19.5854,1942.0212
Rugby1309.xlsx,19.2556,2438.8469
Rugby131.xlsx,9.5282,1531.4629
Rugby1310.xlsx,28.6399,2179.3423
Rugby1311.xlsx,21.4627,2375.3884
Rugby1312.xlsx,14.1157,1714.5355
Rugby1313.xlsx,4.0181,257.9550
Rugby1314.xlsx,20.5755,1139.2285
Rugby1315.xlsx,9.5817,878.7297
Rugby1316.xlsx,15.2481,1974.0866
Rugby1317.xlsx,59.5077,6056.5027
Rugby1318.xlsx,29.1808,2879.6704
Rugby1319.xlsx,23.7994,2716.7922
Rugby132.xlsx,15.3010,1569.8332
Rugby1320.xlsx,12.4433,1288.2690
Rugby1321.xlsx,10.4999,1104.4637
Rugby1322.xlsx,16.5411,2389.0771
Rugby1323.xlsx,50.5152,6487.2599
Rugby1324.xlsx,54.1869,8849.0786
Rugby1325.xlsx,21.4959,1722.3852
Rugby1326.xlsx,15.6552,1288.4521
Rugby1327.xlsx,119.9935,12596.7233
Rugby1328.xlsx,12.1056,1894.7327
Rugby1329.xlsx,10.2216,726.8913
Rugby133.xlsx,9.8380,538.1332
Rugby1330.xlsx,11.0152,764.8887
Rugby1331.xlsx,15.9667,997.0491
Rugby1332.xlsx,14.3248,1511.4971
Rugby1333.xlsx,29.9771,2925.1019
Rugby1334.xlsx,55.7892,7659.3347
Rugby1335.xlsx,12.4667,1003.9335
Rugby1336.xlsx,22.8443,1767.7214
Rugby1337.xlsx,11.6474,2024.6628
Rugby1338.xlsx,17.2620,2049.0517
Rugby1339.xlsx,22.2859,2617.0448
Rugby134.xlsx,24.5567,1534.3015
Rugby1340.xlsx,14.1647,1256.9621
Rugby1341.xlsx,18.6761,1513.5563
Rugby1342.xlsx,18.4074,1155.5323
Rugby1343.xlsx,9.6416,842.0008
Rugby1344.xlsx,16.2206,1899.9358
Rugby1345.xlsx,10.9027,745.1171
Rugby1346.xlsx,22.8453,3265.6778
Rugby1347.xlsx,71.0618,7647.2449
Rugby1348.xlsx,21.6007,2135.0104
Rugby1349.xlsx,11.2756,1020.3252
Rugby135.xlsx,37.2065,1020.0360
Rugby1350.xlsx,37.3878,3098.7943
Rugby1351.xlsx,13.8537,1186.0315
Rugby1352.xlsx,16.0823,1145.9138
Rugby1353.xlsx,15.0840,1635.0786
Rugby1354.xlsx,16.5529,1165.9134
Rugby1355.xlsx,26.3356,1557.5424
Rugby1356.xlsx,34.2257,3975.8192
Rugby1357.xlsx,44.5635,4923.6901
Rugby1358.xlsx,38.8257,4092.2570
Rugby1359.xlsx,21.0852,2213.2476
Rugby136.xlsx,14.8736,1086.5317
Rugby1360.xlsx,16.6566,1393.1219
Rugby1361.xlsx,16.6348,1913.6505
Rugby1362.xlsx,14.2423,1438.9415
Rugby1363.xlsx,14.5579,1826.5700
Rugby1364.xlsx,31.0243,2415.3859
Rugby1365.xlsx,11.5860,801.1544
Rugby1366.xlsx,109.0238,12375.8322
Rugby1367.xlsx,12.5189,1107.3719
Rugby1368.xlsx,14.3120,1178.2100
Rugby1369.xlsx,31.3885,3411.9163
Rugby137.xlsx,10.1572,642.8242
Rugby1370.xlsx,19.4889,2308.3926
Rugby1371.xlsx,17.4837,2270.9458
Rugby1372.xlsx,22.7919,2435.8016
Rugby1373.xlsx,32.8422,4240.3224
Rugby1374.xlsx,6.0787,803.0380
Rugby1375.xlsx,22.9357,3026.0887
Rugby1376.xlsx,21.0126,2764.5419
Rugby1377.xlsx,18.5649,1987.9852
Rugby1378.xlsx,33.1304,4564.1135
Rugby1379.xlsx,21.3055,2430.2785
Rugby138.xlsx,36.2601,4337.6689
Rugby1380.xlsx,15.4967,1112.4002
Rugby1381.xlsx,8.2154,841.7123
Rugby1382.xlsx,12.6434,1340.3546
Rugby1383.xlsx,20.6757,3131.0889
Rugby1384.xlsx,14.7754,1285.3963
Rugby1385.xlsx,41.6956,4593.6802
Rugby1386.xlsx,36.6297,3212.6322
Rugby1387.xlsx,22.6266,2640.0496
Rugby1388.xlsx,10.1526,1368.1822
Rugby1389.xlsx,23.1624,2156.8275
Rugby139.xlsx,17.5274,606.6937
Rugby1390.xlsx,22.9972,2064.1093
Rugby1391.xlsx,32.0066,3112.8342
Rugby1392.xlsx,16.2434,1834.3567
Rugby1393.xlsx,23.5324,1872.5216
Rugby1394.xlsx,6.6543,958.1464
Rugby1395.xlsx,19.0266,1416.5490
Rugby1396.xlsx,54.2001,6900.1484
Rugby1397.xlsx,18.8734,2215.4027
Rugby1398.xlsx,34.9078,3550.7188
Rugby1399.xlsx,14.6955,1721.3554
Rugby14.xlsx,16.9386,708.1502
Rugby140.xlsx,16.6054,1921.3454
Rugby1400.xlsx,26.6046,3107.1977
Rugby1401.xlsx,10.2214,1237.3515
Rugby1402.xlsx,14.5042,1328.1864
Rugby1403.xlsx,17.9724,1723.0121
Rugby1404.xlsx,39.9548,3698.4572
Rugby1405.xlsx,15.0890,1724.7109
Rugby1406.xlsx,39.4886,3881.0603
Rugby1407.xlsx,6.6415,861.6700
Rugby1408.xlsx,30.4710,2564.7556
Rugby1409.xlsx,20.0169,1102.9651
Rugby141.xlsx,7.2918,852.8595
Rugby1410.xlsx,17.0275,1954.4361
Rugby1411.xlsx,23.0435,3193.4649
Rugby1412.xlsx,12.3188,1651.8980
Rugby1413.xlsx,42.0975,4697.2750
Rugby1414.xlsx,14.7765,1191.5071
Rugby1415.xlsx,22.3364,2356.3999
Rugby1416.xlsx,19.5989,2764.2163
Rugby1417.xlsx,50.5297,3626.9520
Rugby1418.xlsx,27.1798,2914.4093
Rugby1419.xlsx,95.1691,7892.1441
Rugby142.xlsx,10.9544,531.6364
Rugby1420.xlsx,12.4062,1171.0941
Rugby1421.xlsx,35.1156,6214.8820
Rugby1422.xlsx,18.1269,1957.2631
Rugby1423.xlsx,14.9105,1450.4851
Rugby1424.xlsx,12.2267,2227.9950
Rugby1425.xlsx,22.9419,3131.7746
Rugby1426.xlsx,25.6849,2322.4237
Rugby1427.xlsx,14.8948,1267.8524
Rugby1428.xlsx,8.2480,1032.3758
Rugby1429.xlsx,13.3237,1527.1487
Rugby143.xlsx,12.4495,800.1284
Rugby1430.xlsx,39.2845,3911.6639
Rugby1431.xlsx,130.4856,15371.9797
Rugby1432.xlsx,20.5146,1659.1038
Rugby1433.xlsx,7.9530,939.0748
Rugby1434.xlsx,21.0841,2346.7522
Rugby1435.xlsx,13.7568,2109.1430
Rugby1436.xlsx,18.8928,1085.9401
Rugby1437.xlsx,12.6141,1359.1882
Rugby1438.xlsx,16.7124,1834.4740
Rugby1439.xlsx,122.6075,6454.8822
Rugby144.xlsx,22.6386,2278.1132
Rugby1440.xlsx,13.4710,1497.8838
Rugby1441.xlsx,23.6731,3619.8199
Rugby1442.xlsx,14.7090,1526.5957
Rugby1443.xlsx,31.0117,3563.3659
Rugby1444.xlsx,12.2252,2021.8275
Rugby1445.xlsx,9.4394,1395.0901
Rugby1446.xlsx,11.4055,1011.5946
Rugby1447.xlsx,19.6205,1438.8617
Rugby1448.xlsx,46.5786,5121.8476
Rugby1449.xlsx,56.7843,7263.4958
Rugby145.xlsx,20.2525,1280.7015
Rugby1450.xlsx,37.4763,3885.4681
Rugby1451.xlsx,13.3581,2161.3748
Rugby1452.xlsx,13.1326,684.3966
Rugby1453.xlsx,15.6781,1045.4293
Rugby1454.xlsx,11.9729,1253.5621
Rugby1455.xlsx,17.8580,2489.7868
Rugby1456.xlsx,25.7767,1530.4503
Rugby1457.xlsx,24.0504,2658.8306
Rugby1458.xlsx,29.6513,2965.7367
Rugby1459.xlsx,10.3211,607.1175
Rugby146.xlsx,20.2333,1839.4358
Rugby1460.xlsx,12.5556,2248.1442
Rugby1461.xlsx,54.2835,4365.0841
Rugby1462.xlsx,42.9696,7456.6520
Rugby1463.xlsx,12.6396,1249.4267
Rugby1464.xlsx,16.0585,1582.1785
Rugby1465.xlsx,31.5230,4849.4643
Rugby1466.xlsx,11.9729,1070.9090
Rugby1467.xlsx,17.9529,1112.1605
Rugby1468.xlsx,46.3682,2830.2629
Rugby1469.xlsx,15.8637,1168.2243
Rugby147.xlsx,18.6002,891.0351
Rugby1470.xlsx,21.0989,2272.6976
Rugby1471.xlsx,17.7254,2567.4031
Rugby1472.xlsx,35.9401,2249.3074
Rugby1473.xlsx,17.9193,2019.8495
Rugby1474.xlsx,13.0313,1576.4360
Rugby1475.xlsx,20.3935,3351.3422
Rugby1476.xlsx,12.9596,1330.1850
Rugby1477.xlsx,11.1400,1149.3600
Rugby1478.xlsx,13.7500,1211.9058
Rugby1479.xlsx,34.1921,4082.4847
Rugby148.xlsx,17.3918,2003.3467
Rugby1480.xlsx,14.9503,1911.0161
Rugby1481.xlsx,14.7239,1957.1310
Rugby1482.xlsx,14.1853,2375.2259
Rugby1483.xlsx,24.1347,2597.3964
Rugby1484.xlsx,9.8838,1067.2288
Rugby1485.xlsx,25.6487,3128.0071
Rugby1486.xlsx,27.3082,3568.0968
Rugby1487.xlsx,14.7601,1502.6567
Rugby1488.xlsx,23.5306,2736.4915
Rugby1489.xlsx,12.5583,1322.8505
Rugby149.xlsx,22.9243,4203.1128
Rugby1490.xlsx,45.9031,4720.3731
Rugby1491.xlsx,12.7163,1719.3800
Rugby1492.xlsx,47.6330,5383.9772
Rugby1493.xlsx,19.5666,1402.6502
Rugby1494.xlsx,22.5623,2092.2021
Rugby1495.xlsx,16.1320,2236.1888
Rugby1496.xlsx,26.5393,4052.4058
Rugby1497.xlsx,18.7396,2310.5275
Rugby1498.xlsx,12.4879,1296.5319
Rugby1499.xlsx,12.5196,1067.4563
Rugby15.xlsx,12.4050,1531.6850
Rugby150.xlsx,29.9432,3290.8461
Rugby1500.xlsx,18.9747,1104.3459
Rugby1501.xlsx,55.6572,3024.8098
Rugby1502.xlsx,9.1625,814.9044
Rugby1503.xlsx,17.9615,2907.3692
Rugby1504.xlsx,53.6825,3977.1214
Rugby1505.xlsx,27.2004,3238.9312
Rugby1506.xlsx,11.2794,1652.5860
Rugby1507.xlsx,9.7465,1579.9817
Rugby1508.xlsx,35.4046,3870.8514
Rugby1509.xlsx,16.0345,1948.9872
Rugby151.xlsx,18.7282,2558.7747
Rugby1510.xlsx,32.4108,3869.8720
Rugby1511.xlsx,12.1309,1333.5609
Rugby1512.xlsx,30.0860,3903.0638
Rugby1513.xlsx,15.1748,1631.8016
Rugby1514.xlsx,90.1605,10471.9995
Rugby1515.xlsx,63.7246,7683.0780
Rugby1516.xlsx,9.6031,1714.2018
Rugby1517.xlsx,26.1461,1324.4635
Rugby1518.xlsx,26.5565,2699.8824
Rugby1519.xlsx,11.5770,2657.6729
Rugby152.xlsx,14.8588,673.4793
Rugby1520.xlsx,18.7664,1786.9717
Rugby1521.xlsx,11.0410,2731.9247
Rugby1522.xlsx,19.5784,2460.4537
Rugby1523.xlsx,18.6066,2328.2671
Rugby1524.xlsx,53.6297,3432.8396
Rugby1525.xlsx,14.5773,961.8285
Rugby1526.xlsx,49.2709,2987.9494
Rugby1527.xlsx,40.3102,4279.3078
Rugby1528.xlsx,19.5520,1928.2010
Rugby1529.xlsx,23.9453,1547.8496
Rugby153.xlsx,9.9450,327.0477
Rugby1530.xlsx,22.8857,2573.7780
Rugby1531.xlsx,13.8264,526.6843
Rugby1532.xlsx,17.0311,1888.8925
Rugby1533.xlsx,51.6936,4102.6294
Rugby1534.xlsx,16.8801,1464.5165
Rugby1535.xlsx,37.9859,3472.4086
Rugby1536.xlsx,18.4084,1974.8760
Rugby1537.xlsx,13.1327,1383.9951
Rugby1538.xlsx,8.9061,1473.7536
Rugby1539.xlsx,13.2345,1587.8593
Rugby154.xlsx,23.5106,2683.6719
Rugby1540.xlsx,13.9163,1915.2601
Rugby1541.xlsx,11.0205,1259.5424
Rugby1542.xlsx,29.3847,3487.4010
Rugby1543.xlsx,11.9240,1245.1368
Rugby1544.xlsx,31.4138,3329.8113
Rugby1545.xlsx,25.5375,3040.8837
Rugby1546.xlsx,31.0100,2979.5479
Rugby1547.xlsx,16.4182,1749.9856
Rugby1548.xlsx,23.1000,1392.4541
Rugby1549.xlsx,12.6227,1309.7696
Rugby155.xlsx,14.2933,984.8251
Rugby1550.xlsx,18.1711,2355.7993
Rugby1551.xlsx,50.5207,3466.1447
Rugby1552.xlsx,17.4590,1402.2827
Rugby1553.xlsx,42.9194,4865.0043
Rugby1554.xlsx,13.5104,849.4634
Rugby1555.xlsx,22.2705,2288.2418
Rugby1556.xlsx,28.5789,3443.6503
Rugby1557.xlsx,13.5077,1416.1889
Rugby1558.xlsx,7.5254,959.0831
Rugby1559.xlsx,29.8421,1928.8177
Rugby156.xlsx,12.1471,1437.7841
Rugby1560.xlsx,13.1766,1452.4185
Rugby1561.xlsx,23.5717,2563.1740
Rugby1562.xlsx,13.0939,1855.3815
Rugby1563.xlsx,31.0590,4331.6270
Rugby1564.xlsx,16.4270,1412.1255
Rugby1565.xlsx,16.4588,941.4968
Rugby1566.xlsx,11.8849,1800.7352
Rugby1567.xlsx,28.0692,2755.0109
Rugby1568.xlsx,26.0593,2946.6738
Rugby1569.xlsx,6.9378,541.6077
Rugby157.xlsx,12.1432,1439.0016
Rugby1570.xlsx,30.0776,2076.3119
Rugby1571.xlsx,58.9198,7758.1991
Rugby1572.xlsx,46.2889,2381.9006
Rugby1573.xlsx,38.0601,2125.4093
Rugby1574.xlsx,13.2996,1525.5635
Rugby1575.xlsx,26.7102,2749.0464
Rugby1576.xlsx,42.2658,4713.8783
Rugby1577.xlsx,26.1441,3038.5379
Rugby1578.xlsx,16.1713,1068.2406
Rugby1579.xlsx,19.0323,2436.8446
Rugby158.xlsx,12.0683,1438.6953
Rugby1580.xlsx,16.1137,1353.3118
Rugby1581.xlsx,9.2245,830.5982
Rugby1582.xlsx,11.9836,879.9002
Rugby1583.xlsx,11.4806,964.4499
Rugby1584.xlsx,15.4282,2859.5553
Rugby1585.xlsx,38.0325,2337.7396
Rugby1586.xlsx,45.8893,5734.6523
Rugby1587.xlsx,28.4627,3099.0454
Rugby1588.xlsx,25.9525,2183.0694
Rugby1589.xlsx,11.4711,2954.0381
Rugby159.xlsx,13.0325,1164.9706
Rugby1590.xlsx,12.5676,1412.6056
Rugby1591.xlsx,33.0784,5670.1283
Rugby1592.xlsx,18.2768,2195.3378
Rugby1593.xlsx,13.1434,1094.6894
Rugby1594.xlsx,16.7244,1529.4280
Rugby1595.xlsx,21.2052,2590.2456
Rugby1596.xlsx,60.1517,6068.8979
Rugby1597.xlsx,34.0458,3089.5085
Rugby1598.xlsx,17.2677,2429.5430
Rugby1599.xlsx,14.8426,2338.7334
Rugby16.xlsx,14.7116,699.8011
Rugby160.xlsx,10.5652,1176.2014
Rugby1600.xlsx,20.2792,1629.7524
Rugby1601.xlsx,23.7520,1527.9771
Rugby1602.xlsx,10.7473,1514.2903
Rugby1603.xlsx,25.1094,1675.1000
Rugby1604.xlsx,14.3254,1618.1115
Rugby1605.xlsx,24.4765,2579.2171
Rugby1606.xlsx,40.4612,2593.6447
Rugby1607.xlsx,11.7581,1826.8562
Rugby1608.xlsx,15.1846,930.8663
Rugby1609.xlsx,57.0011,5920.0417
Rugby161.xlsx,122.8311,5182.7973
Rugby1610.xlsx,20.5526,2128.4495
Rugby1611.xlsx,14.2779,1578.5829
Rugby1612.xlsx,14.4777,2058.5023
Rugby1613.xlsx,33.2676,3773.6760
Rugby1614.xlsx,12.2927,880.5716
Rugby1615.xlsx,37.9395,4154.1431
Rugby1616.xlsx,32.9646,1601.4928
Rugby1617.xlsx,13.0906,472.6596
Rugby1618.xlsx,19.8352,2482.9658
Rugby1619.xlsx,20.2745,3084.9006
Rugby162.xlsx,12.2520,2706.5120
Rugby1620.xlsx,18.9747,1042.3905
Rugby1621.xlsx,30.3537,2306.7482
Rugby1622.xlsx,32.2490,1634.4148
Rugby1623.xlsx,23.1576,2752.3629
Rugby1624.xlsx,19.9148,3113.7028
Rugby1625.xlsx,35.8754,3208.1116
Rugby1626.xlsx,10.4540,1317.1236
Rugby1627.xlsx,27.6074,3260.4445
Rugby1628.xlsx,19.3101,2326.5934
Rugby1629.xlsx,56.7199,3552.2375
Rugby163.xlsx,10.7488,1298.6536
Rugby1630.xlsx,11.4988,1291.0012
Rugby1631.xlsx,27.9115,2483.8720
Rugby1632.xlsx,13.7073,894.6360
Rugby1633.xlsx,16.5332,1030.8230
Rugby1634.xlsx,10.6599,1365.7820
Rugby1635.xlsx,19.2513,2128.2612
Rugby1636.xlsx,23.3754,1827.7790
Rugby1637.xlsx,37.8265,3052.1042
Rugby1638.xlsx,66.7214,3899.0578
Rugby1639.xlsx,15.0601,2037.5512
Rugby164.xlsx,10.8817,1301.6361
Rugby1640.xlsx,12.3262,730.2596
Rugby1641.xlsx,21.5836,2479.5140
Rugby1642.xlsx,49.7186,7543.5040
Rugby1643.xlsx,9.6509,604.4342
Rugby1644.xlsx,14.0323,1521.9625
Rugby1645.xlsx,15.6097,1237.8148
Rugby1646.xlsx,13.3970,1729.0063
Rugby1647.xlsx,18.9397,1334.1897
Rugby1648.xlsx,9.7063,1086.7082
Rugby1649.xlsx,10.2967,705.5353
Rugby165.xlsx,18.5929,1805.5761
Rugby1650.xlsx,16.7234,2031.9632
Rugby1651.xlsx,22.5902,2214.0285
Rugby1652.xlsx,13.8896,1749.3470
Rugby1653.xlsx,48.5127,5411.3221
Rugby1654.xlsx,30.2342,1753.4506
Rugby1655.xlsx,12.4950,710.9489
Rugby1656.xlsx,30.8226,3541.8293
Rugby1657.xlsx,14.7747,1944.5053
Rugby1658.xlsx,20.2433,2176.8120
Rugby1659.xlsx,36.4456,2439.0351
Rugby166.xlsx,12.6588,1048.3880
Rugby1660.xlsx,13.1279,1325.4406
Rugby1661.xlsx,8.9394,871.9993
Rugby1662.xlsx,26.8108,3820.2124
Rugby1663.xlsx,38.6756,1794.3726
Rugby1664.xlsx,13.6003,1839.7287
Rugby1665.xlsx,28.1695,3603.3505
Rugby1666.xlsx,15.2938,1446.9151
Rugby1667.xlsx,36.4712,4264.1135
Rugby1668.xlsx,16.1873,1045.4812
Rugby1669.xlsx,12.0035,1033.1873
Rugby167.xlsx,78.1807,8505.9422
Rugby1670.xlsx,15.1699,1950.2995
Rugby1671.xlsx,21.4202,2306.5174
Rugby1672.xlsx,10.4176,965.6836
Rugby1673.xlsx,18.2438,2339.5655
Rugby1674.xlsx,40.0753,4055.6902
Rugby1675.xlsx,19.3800,1761.7863
Rugby1676.xlsx,21.3969,1913.3736
Rugby1677.xlsx,21.9740,1691.5333
Rugby1678.xlsx,10.5375,1192.3443
Rugby1679.xlsx,14.8282,1690.2888
Rugby168.xlsx,4.6544,517.1290
Rugby1680.xlsx,16.5661,876.4229
Rugby1681.xlsx,25.0351,2664.5891
Rugby1682.xlsx,24.8890,2062.2741
Rugby1683.xlsx,30.5780,4186.0891
Rugby1684.xlsx,33.5706,2053.0918
Rugby1685.xlsx,33.0585,3305.2829
Rugby1686.xlsx,9.1542,576.0387
Rugby1687.xlsx,30.1702,3481.2925
Rugby1688.xlsx,11.6118,1127.5752
Rugby1689.xlsx,12.5226,1770.9151
Rugby169.xlsx,4.6591,518.7559
Rugby1690.xlsx,19.0850,1687.8001
Rugby1691.xlsx,35.5962,2989.5677
Rugby1692.xlsx,20.6027,2121.7500
Rugby1693.xlsx,9.5986,1294.3583
Rugby1694.xlsx,32.9839,3078.0882
Rugby1695.xlsx,13.8224,1802.9703
Rugby1696.xlsx,61.3017,4255.8070
Rugby1697.xlsx,25.0661,2932.9344
Rugby1698.xlsx,30.9428,3480.0222
Rugby1699.xlsx,34.1368,4617.8286
Rugby17.xlsx,14.1333,1577.2593
Rugby170.xlsx,10.3797,1469.6810
Rugby1700.xlsx,14.2511,2293.4898
Rugby1701.xlsx,17.3780,1246.8875
Rugby171.xlsx,11.9759,906.2841
Rugby172.xlsx,12.2556,1037.5859
Rugby173.xlsx,16.2556,1007.7895
Rugby174.xlsx,16.4235,1906.3511
Rugby175.xlsx,15.3872,767.7928
Rugby176.xlsx,16.1372,1324.6949
Rugby177.xlsx,16.1366,1324.9550
Rugby178.xlsx,18.2749,1859.4704
Rugby179.xlsx,19.1338,1544.5706
Rugby18.xlsx,26.2273,2215.0256
Rugby180.xlsx,22.8648,2633.7228
Rugby181.xlsx,23.3834,1073.7879
Rugby182.xlsx,15.7319,1799.9248
Rugby183.xlsx,13.0606,1422.4124
Rugby184.xlsx,12.7818,684.3201
Rugby185.xlsx,30.8372,3056.9250
Rugby186.xlsx,26.4731,2957.5391
Rugby187.xlsx,16.0867,1702.7911
Rugby188.xlsx,16.7906,1246.3206
Rugby189.xlsx,27.2223,1145.7607
Rugby19.xlsx,29.5449,771.5769
Rugby190.xlsx,10.4970,1039.2755
Rugby191.xlsx,11.7890,791.7156
Rugby192.xlsx,26.3622,2639.2153
Rugby193.xlsx,18.0176,629.8829
Rugby194.xlsx,16.0827,1135.7137
Rugby195.xlsx,9.8327,735.2643
Rugby196.xlsx,60.7052,6133.6228
Rugby197.xlsx,16.3601,2186.4706
Rugby198.xlsx,38.1193,3653.4590
Rugby199.xlsx,16.7297,1357.8180
Rugby2.xlsx,13.8993,1133.8492
Rugby20.xlsx,21.2025,1025.9032
Rugby200.xlsx,14.2199,1234.6342
Rugby201.xlsx,11.6360,973.2446
Rugby202.xlsx,25.9701,2794.1243
Rugby203.xlsx,9.4634,1206.2568
Rugby204.xlsx,19.6986,1865.2445
Rugby205.xlsx,10.4325,683.0372
Rugby206.xlsx,39.6646,748.2829
Rugby207.xlsx,7.7732,824.9264
Rugby208.xlsx,24.3743,862.3850
Rugby209.xlsx,18.8238,1081.4058
Rugby21.xlsx,18.0309,836.0400
Rugby210.xlsx,13.9005,1219.3364
Rugby211.xlsx,31.4332,1663.4069
Rugby212.xlsx,13.2329,1126.0797
Rugby213.xlsx,79.4689,6083.1642
Rugby214.xlsx,9.8601,619.2811
Rugby215.xlsx,15.9693,1887.5625
Rugby216.xlsx,15.3448,754.2911
Rugby217.xlsx,10.8655,1204.7455
Rugby218.xlsx,24.4803,987.0614
Rugby219.xlsx,25.8838,1034.8841
Rugby22.xlsx,26.0307,1163.0172
Rugby220.xlsx,35.2288,1619.7538
Rugby221.xlsx,9.4671,1066.2390
Rugby222.xlsx,26.1664,1786.4612
Rugby223.xlsx,14.1887,981.8880
Rugby224.xlsx,16.8179,1313.9742
Rugby225.xlsx,19.5556,1648.3338
Rugby226.xlsx,21.7431,897.7599
Rugby227.xlsx,12.7758,820.9316
Rugby228.xlsx,8.6922,503.1172
Rugby229.xlsx,21.4049,1564.6641
Rugby23.xlsx,14.0313,871.0601
Rugby230.xlsx,15.2496,1426.0472
Rugby231.xlsx,12.9207,749.7994
Rugby232.xlsx,57.3007,3722.7191
Rugby233.xlsx,12.5227,1109.6064
Rugby234.xlsx,8.0843,815.5891
Rugby235.xlsx,13.8680,1308.4933
Rugby236.xlsx,11.0163,490.6856
Rugby237.xlsx,15.9597,891.7093
Rugby238.xlsx,16.0535,575.6574
Rugby239.xlsx,20.8116,939.5072
Rugby24.xlsx,18.1466,612.3013
Rugby240.xlsx,56.4123,3980.2335
Rugby241.xlsx,25.7557,2725.5820
Rugby242.xlsx,8.5787,2298.6195
Rugby243.xlsx,15.3251,955.9807
Rugby244.xlsx,8.0886,346.6426
Rugby245.xlsx,15.6569,1989.9075
Rugby246.xlsx,7.2422,856.2484
Rugby247.xlsx,7.6596,232.3548
Rugby248.xlsx,16.5111,448.0921
Rugby249.xlsx,10.6017,482.4495
Rugby25.xlsx,29.8845,736.5085
Rugby250.xlsx,9.6420,860.1867
Rugby251.xlsx,9.5381,1072.3966
Rugby252.xlsx,117.5569,4964.3515
Rugby253.xlsx,12.5909,729.6291
Rugby254.xlsx,18.2949,1127.0950
Rugby255.xlsx,10.3920,884.2273
Rugby256.xlsx,20.0502,1328.0680
Rugby257.xlsx,23.8616,2568.8228
Rugby258.xlsx,21.7489,523.0981
Rugby259.xlsx,14.7759,1542.2100
Rugby26.xlsx,8.8040,747.3328
Rugby260.xlsx,32.5988,1526.2675
Rugby261.xlsx,13.3052,1547.5569
Rugby262.xlsx,25.4145,2212.4854
Rugby263.xlsx,11.9847,1160.0480
Rugby264.xlsx,14.0480,1423.0116
Rugby265.xlsx,65.3667,4044.3573
Rugby266.xlsx,13.5504,1603.8000
Rugby267.xlsx,20.0010,2169.4554
Rugby268.xlsx,13.5903,665.5461
Rugby269.xlsx,29.7580,3086.2461
Rugby27.xlsx,23.3492,1321.0691
Rugby270.xlsx,15.7366,1493.4562
Rugby271.xlsx,12.2381,825.3266
Rugby272.xlsx,11.1464,921.9359
Rugby273.xlsx,8.3655,1333.3247
Rugby274.xlsx,13.5070,896.5121
Rugby275.xlsx,11.1375,622.1426
Rugby276.xlsx,44.5739,1309.1546
Rugby277.xlsx,4.0843,765.3206
Rugby278.xlsx,11.2982,475.3175
Rugby279.xlsx,13.0304,1330.3990
Rugby28.xlsx,8.6724,430.8821
Rugby280.xlsx,6.6448,206.7305
Rugby281.xlsx,8.3427,1129.6844
Rugby282.xlsx,8.3044,808.0866
Rugby283.xlsx,11.1711,289.4949
Rugby284.xlsx,25.0600,718.9632
Rugby285.xlsx,13.0915,999.6189
Rugby286.xlsx,9.3681,1041.0874
Rugby287.xlsx,13.1664,797.2292
Rugby288.xlsx,13.0595,773.5894
Rugby289.xlsx,17.6737,1490.3013
Rugby29.xlsx,6.3185,604.3271
Rugby290.xlsx,12.4225,751.4395
Rugby291.xlsx,15.0364,998.2471
Rugby292.xlsx,18.1521,746.2260
Rugby293.xlsx,48.3138,3272.0482
Rugby294.xlsx,25.0419,2467.8423
Rugby295.xlsx,15.0731,1062.5555
Rugby296.xlsx,13.3955,572.4888
Rugby297.xlsx,27.8409,1170.2759
Rugby298.xlsx,23.9180,1004.6327
Rugby299.xlsx,24.2912,3380.3375
Rugby3.xlsx,13.7958,1733.6733
Rugby30.xlsx,44.0418,3624.2873
Rugby300.xlsx,15.4908,1650.9948
Rugby301.xlsx,17.5896,2055.4926
Rugby302.xlsx,11.0451,764.4713
Rugby303.xlsx,14.4407,1705.1121
Rugby304.xlsx,21.3337,2174.5124
Rugby305.xlsx,16.0044,1120.3977
Rugby306.xlsx,22.2115,2315.1795
Rugby307.xlsx,11.0678,1416.6219
Rugby308.xlsx,11.2028,901.4425
Rugby309.xlsx,8.4012,900.9482
Rugby31.xlsx,15.7297,1217.0605
Rugby310.xlsx,33.1252,1861.0132
Rugby311.xlsx,22.2526,1242.9047
Rugby312.xlsx,11.2039,1173.4797
Rugby313.xlsx,19.8531,2633.4974
Rugby314.xlsx,25.1680,3142.3816
Rugby315.xlsx,11.0136,1304.0769
Rugby316.xlsx,16.7380,1876.8295
Rugby317.xlsx,12.8893,1810.6869
Rugby318.xlsx,14.6708,473.3831
Rugby319.xlsx,6.4153,657.0060
Rugby32.xlsx,27.9095,2772.8451
Rugby320.xlsx,9.1800,1041.6044
Rugby321.xlsx,19.3649,1794.5564
Rugby322.xlsx,8.6507,527.9860
Rugby323.xlsx,15.7399,1899.6043
Rugby324.xlsx,21.9616,2766.8995
Rugby325.xlsx,10.2024,850.4349
Rugby326.xlsx,13.8302,1073.1023
Rugby327.xlsx,14.7213,1339.3026
Rugby328.xlsx,12.0819,1438.6865
Rugby329.xlsx,9.3158,833.1518
Rugby33.xlsx,17.2006,1157.4315
Rugby330.xlsx,112.1746,12131.7045
Rugby331.xlsx,31.4621,3618.1526
Rugby332.xlsx,19.3705,2219.8947
Rugby333.xlsx,14.8006,1710.0952
Rugby334.xlsx,20.4744,1437.9312
Rugby335.xlsx,19.2726,755.9725
Rugby336.xlsx,10.3812,849.4365
Rugby337.xlsx,21.9133,1544.9540
Rugby338.xlsx,8.9915,559.1720
Rugby339.xlsx,32.6774,1430.5936
Rugby34.xlsx,11.2563,1524.9529
Rugby340.xlsx,22.7991,2263.8881
Rugby341.xlsx,12.9492,1503.0099
Rugby342.xlsx,21.1801,859.5491
Rugby343.xlsx,26.8267,2728.0178
Rugby344.xlsx,23.5033,2297.0504
Rugby345.xlsx,17.0303,1234.9046
Rugby346.xlsx,10.9727,748.5970
Rugby347.xlsx,32.3717,4066.9024
Rugby348.xlsx,10.1114,532.5747
Rugby349.xlsx,13.2716,893.8470
Rugby35.xlsx,13.8401,721.5079
Rugby350.xlsx,25.3531,2177.2082
Rugby351.xlsx,14.4529,1388.5670
Rugby352.xlsx,21.7664,1192.2993
Rugby353.xlsx,19.1577,1445.3683
Rugby354.xlsx,21.0144,2219.1570
Rugby355.xlsx,21.2654,2135.2801
Rugby356.xlsx,14.5461,1723.9709
Rugby357.xlsx,12.0706,2118.3503
Rugby358.xlsx,21.1806,1855.3110
Rugby359.xlsx,18.1932,1911.1948
Rugby36.xlsx,4.2822,186.4714
Rugby360.xlsx,9.7974,1051.6419
Rugby361.xlsx,12.7276,1208.0172
Rugby362.xlsx,35.2176,1381.7408
Rugby363.xlsx,11.9139,727.2241
Rugby364.xlsx,14.5318,515.0351
Rugby365.xlsx,16.4385,2004.0987
Rugby366.xlsx,13.5707,741.5333
Rugby367.xlsx,17.1822,1250.7235
Rugby368.xlsx,30.9293,2362.4587
Rugby369.xlsx,10.8937,761.7217
Rugby37.xlsx,19.1403,2181.5801
Rugby370.xlsx,16.2991,818.9535
Rugby371.xlsx,32.2033,1292.2688
Rugby372.xlsx,19.8482,1341.1376
Rugby373.xlsx,14.3170,952.6332
Rugby374.xlsx,10.6916,1086.5535
Rugby375.xlsx,30.3516,2745.9688
Rugby376.xlsx,13.0336,515.2811
Rugby377.xlsx,11.0327,763.2094
Rugby378.xlsx,13.2442,1478.3322
Rugby379.xlsx,10.8341,403.1502
Rugby38.xlsx,11.2490,833.3188
Rugby380.xlsx,15.1637,1208.0057
Rugby381.xlsx,9.9920,1121.0481
Rugby382.xlsx,11.6056,631.8562
Rugby383.xlsx,18.4095,1755.8940
Rugby384.xlsx,21.8547,1803.8651
Rugby385.xlsx,18.0995,2078.7805
Rugby386.xlsx,15.7624,1854.6788
Rugby387.xlsx,29.1168,1634.1921
Rugby388.xlsx,23.1840,1561.5086
Rugby389.xlsx,44.4558,4315.3751
Rugby39.xlsx,17.7854,2003.8858
Rugby390.xlsx,16.1241,2551.2780
Rugby391.xlsx,11.7738,1188.1977
Rugby392.xlsx,14.9825,1683.1862
Rugby393.xlsx,5.7288,334.8794
Rugby394.xlsx,24.5113,2510.7195
Rugby395.xlsx,13.1765,1926.9183
Rugby396.xlsx,16.8781,1336.5414
Rugby397.xlsx,20.0462,1302.6686
Rugby398.xlsx,9.9249,1424.6084
Rugby399.xlsx,12.6054,2052.3461
Rugby4.xlsx,24.3599,3175.5164
Rugby40.xlsx,11.3784,853.2867
Rugby400.xlsx,10.8657,580.2351
Rugby401.xlsx,15.6616,1633.9830
Rugby402.xlsx,9.1766,869.1048
Rugby403.xlsx,13.6832,1460.2876
Rugby404.xlsx,19.0236,1674.2240
Rugby405.xlsx,57.1704,6268.6934
Rugby406.xlsx,62.5280,1084.2450
Rugby407.xlsx,19.6698,2115.9528
Rugby408.xlsx,6.1322,758.9786
Rugby409.xlsx,9.2966,1689.2100
Rugby41.xlsx,15.0998,1388.2597
Rugby410.xlsx,17.2327,955.1892
Rugby411.xlsx,11.3275,1778.3796
Rugby412.xlsx,8.9066,802.3474
Rugby413.xlsx,37.0690,2490.7404
Rugby414.xlsx,11.6049,874.6793
Rugby415.xlsx,36.0191,2173.3558
Rugby416.xlsx,13.2544,827.1091
Rugby417.xlsx,10.6584,1485.1704
Rugby418.xlsx,13.9157,958.9348
Rugby419.xlsx,18.5212,1573.8307
Rugby42.xlsx,41.9266,2272.6963
Rugby420.xlsx,6.4913,748.3199
Rugby421.xlsx,48.4754,2551.4564
Rugby422.xlsx,14.6655,1360.9347
Rugby423.xlsx,20.7244,1431.8098
Rugby424.xlsx,20.6767,698.4655
Rugby425.xlsx,4.2488,487.1458
Rugby426.xlsx,15.2191,854.5742
Rugby427.xlsx,16.3154,1437.7547
Rugby428.xlsx,20.7556,2230.7434
Rugby429.xlsx,20.5775,2736.1052
Rugby43.xlsx,23.3845,1904.6083
Rugby430.xlsx,25.2979,4790.5531
Rugby431.xlsx,38.1418,1677.9040
Rugby432.xlsx,23.8902,1718.9064
Rugby433.xlsx,9.8907,825.0824
Rugby434.xlsx,15.4696,1083.1329
Rugby435.xlsx,19.8833,1795.3711
Rugby436.xlsx,12.0051,581.4128
Rugby437.xlsx,38.9731,4156.2170
Rugby438.xlsx,14.2278,1075.6979
Rugby439.xlsx,9.8476,686.6522
Rugby44.xlsx,13.5166,1238.0450
Rugby440.xlsx,28.1317,684.1127
Rugby441.xlsx,35.1016,2059.9513
Rugby442.xlsx,18.8964,1093.8056
Rugby443.xlsx,31.2017,3494.8790
Rugby444.xlsx,16.7965,2030.0280
Rugby445.xlsx,13.6954,1617.5140
Rugby446.xlsx,17.4758,1288.5980
Rugby447.xlsx,15.5030,702.6578
Rugby448.xlsx,15.8531,1504.7417
Rugby449.xlsx,21.5562,2199.2013
Rugby45.xlsx,23.6092,2466.1381
Rugby450.xlsx,28.6908,2943.9146
Rugby451.xlsx,43.3901,3886.3995
Rugby452.xlsx,10.3219,713.5578
Rugby453.xlsx,26.6801,3129.3958
Rugby454.xlsx,12.5646,1241.5270
Rugby455.xlsx,52.5468,5557.9369
Rugby456.xlsx,45.6248,4011.7805
Rugby457.xlsx,13.6292,1580.0317
Rugby458.xlsx,19.6764,2201.8446
Rugby459.xlsx,24.3758,2938.0815
Rugby46.xlsx,17.0831,3403.9647
Rugby460.xlsx,16.2540,1445.9386
Rugby461.xlsx,84.9655,9828.8829
Rugby462.xlsx,15.7180,1793.1382
Rugby463.xlsx,45.5113,1499.3831
Rugby464.xlsx,26.9851,3244.1542
Rugby465.xlsx,20.6922,1471.2371
Rugby466.xlsx,16.5638,1716.1691
Rugby467.xlsx,10.9360,981.0228
Rugby468.xlsx,34.1968,3249.3859
Rugby469.xlsx,19.2919,754.6454
Rugby47.xlsx,24.9799,1889.3341
Rugby470.xlsx,12.3622,993.3373
Rugby471.xlsx,18.8689,1214.7701
Rugby472.xlsx,23.5121,2763.6446
Rugby473.xlsx,9.3742,567.9421
Rugby474.xlsx,38.8943,3159.7540
Rugby475.xlsx,69.3009,7751.4630
Rugby476.xlsx,32.7850,4568.4415
Rugby477.xlsx,9.8491,908.5630
Rugby478.xlsx,7.0460,213.3019
Rugby479.xlsx,28.7922,3215.2270
Rugby48.xlsx,20.3971,2364.0550
Rugby480.xlsx,12.4610,603.2156
Rugby481.xlsx,13.6125,1446.2243
Rugby482.xlsx,47.5732,5148.6654
Rugby483.xlsx,15.1794,1553.3771
Rugby484.xlsx,10.7828,983.0788
Rugby485.xlsx,20.3109,3109.7672
Rugby486.xlsx,17.9551,1965.5338
Rugby487.xlsx,13.8780,1522.6020
Rugby488.xlsx,8.2170,794.1347
Rugby489.xlsx,16.1097,1962.0749
Rugby49.xlsx,29.2194,1700.3647
Rugby490.xlsx,57.8776,6516.0973
Rugby491.xlsx,13.4968,1117.7107
Rugby492.xlsx,12.9818,918.4036
Rugby493.xlsx,7.9643,1305.0877
Rugby494.xlsx,9.6900,972.4598
Rugby495.xlsx,15.1045,1537.1038
Rugby496.xlsx,26.8448,2960.8478
Rugby497.xlsx,31.4780,3698.9627
Rugby498.xlsx,34.8540,2389.8095
Rugby499.xlsx,36.9428,5878.4383
Rugby5.xlsx,11.3346,1432.6884
Rugby50.xlsx,45.0286,2493.5498
Rugby500.xlsx,11.6429,1784.5342
Rugby501.xlsx,21.3681,2434.8031
Rugby502.xlsx,8.0244,1078.2325
Rugby503.xlsx,33.8974,3175.9431
Rugby504.xlsx,18.0841,1106.2899
Rugby505.xlsx,10.6994,2665.2973
Rugby506.xlsx,20.5920,2246.6940
Rugby507.xlsx,31.2097,1636.0131
Rugby508.xlsx,22.3033,3733.7154
Rugby509.xlsx,31.0694,1914.3585
Rugby51.xlsx,17.4186,789.4956
Rugby510.xlsx,14.9392,2171.0488
Rugby511.xlsx,13.6545,989.0874
Rugby512.xlsx,10.0092,912.8808
Rugby513.xlsx,7.8345,1230.7346
Rugby514.xlsx,26.3858,2842.0074
Rugby515.xlsx,31.0094,3456.7855
Rugby516.xlsx,17.1749,2260.4289
Rugby517.xlsx,25.7422,2344.4783
Rugby518.xlsx,8.2981,681.5887
Rugby519.xlsx,28.5920,2758.6576
Rugby52.xlsx,19.9569,1514.1953
Rugby520.xlsx,52.5410,5758.9452
Rugby521.xlsx,11.4695,1028.9527
Rugby522.xlsx,61.6030,4007.4956
Rugby523.xlsx,10.5786,2399.4695
Rugby524.xlsx,16.1962,1967.6423
Rugby525.xlsx,20.7273,2291.2490
Rugby526.xlsx,11.5893,894.9329
Rugby527.xlsx,25.2345,2691.8633
Rugby528.xlsx,18.4414,1824.5464
Rugby529.xlsx,23.1062,2215.7552
Rugby53.xlsx,12.8502,1167.0685
Rugby530.xlsx,24.4533,1945.8539
Rugby531.xlsx,12.7495,1466.5909
Rugby532.xlsx,10.9745,537.2423
Rugby533.xlsx,14.5495,1442.3075
Rugby534.xlsx,12.1785,919.9113
Rugby535.xlsx,11.1597,1178.4844
Rugby536.xlsx,10.7865,1419.2086
Rugby537.xlsx,19.0967,1192.9252
Rugby538.xlsx,16.6604,1295.5442
Rugby539.xlsx,100.9069,11083.6221
Rugby54.xlsx,66.7542,1965.6641
Rugby540.xlsx,12.3164,1120.0292
Rugby541.xlsx,21.0789,2251.6811
Rugby542.xlsx,36.5103,4242.2576
Rugby543.xlsx,12.3744,475.8579
Rugby544.xlsx,25.6175,1027.3775
Rugby545.xlsx,13.8993,1155.0288
Rugby546.xlsx,10.5040,586.4639
Rugby547.xlsx,11.5999,974.9231
Rugby548.xlsx,12.0521,615.8104
Rugby549.xlsx,50.8551,1868.8790
Rugby55.xlsx,9.9893,843.4239
Rugby550.xlsx,46.6739,5672.8207
Rugby551.xlsx,17.2975,932.2967
Rugby552.xlsx,90.2560,4333.6637
Rugby553.xlsx,14.5372,1374.5691
Rugby554.xlsx,13.1777,1498.3624
Rugby555.xlsx,22.7426,1958.2515
Rugby556.xlsx,63.5576,4360.6402
Rugby557.xlsx,20.4029,2243.2877
Rugby558.xlsx,16.8657,1279.3802
Rugby559.xlsx,14.4840,1887.6762
Rugby56.xlsx,17.8633,1564.5163
Rugby560.xlsx,22.0120,2170.2412
Rugby561.xlsx,20.7680,1980.1960
Rugby562.xlsx,12.6659,1261.3631
Rugby563.xlsx,26.0224,1617.1297
Rugby564.xlsx,45.1647,1258.8010
Rugby565.xlsx,19.9946,2007.9533
Rugby566.xlsx,19.5887,767.5445
Rugby567.xlsx,8.0863,347.7832
Rugby568.xlsx,36.6430,3941.3887
Rugby569.xlsx,19.0733,2502.1949
Rugby57.xlsx,57.0331,1201.9611
Rugby570.xlsx,23.5114,1880.5725
Rugby571.xlsx,8.9183,994.4923
Rugby572.xlsx,38.9383,1654.9300
Rugby573.xlsx,15.3869,880.5504
Rugby574.xlsx,25.1504,2929.4446
Rugby575.xlsx,12.5113,735.3450
Rugby576.xlsx,24.8873,2655.3824
Rugby577.xlsx,19.5200,1532.0058
Rugby578.xlsx,59.5590,1680.3445
Rugby579.xlsx,29.8878,3446.2329
Rugby58.xlsx,10.0502,1095.1217
Rugby580.xlsx,43.3815,1382.9662
Rugby581.xlsx,10.7620,1033.1788
Rugby582.xlsx,21.6709,2031.0391
Rugby583.xlsx,14.4863,703.7562
Rugby584.xlsx,34.4399,995.0333
Rugby585.xlsx,19.7347,2158.4131
Rugby586.xlsx,21.6030,1979.1660
Rugby587.xlsx,11.1883,1072.0125
Rugby588.xlsx,44.1791,4607.4543
Rugby589.xlsx,14.4555,1426.6512
Rugby59.xlsx,19.6329,2052.1265
Rugby590.xlsx,11.6927,1124.5793
Rugby591.xlsx,32.2085,1947.2144
Rugby592.xlsx,18.3994,3063.7894
Rugby593.xlsx,14.2507,1702.2860
Rugby594.xlsx,31.1304,3856.1453
Rugby595.xlsx,16.0365,1577.1299
Rugby596.xlsx,13.0453,1608.4190
Rugby597.xlsx,29.2502,2807.1232
Rugby598.xlsx,20.0158,1696.4233
Rugby599.xlsx,14.9673,1627.2395
Rugby6.xlsx,13.5065,967.9065
Rugby60.xlsx,24.1934,2140.2331
Rugby600.xlsx,22.0054,1042.3846
Rugby601.xlsx,5.5612,1423.6792
Rugby602.xlsx,22.0586,2027.7357
Rugby603.xlsx,55.2687,5896.5574
Rugby604.xlsx,16.7863,1994.9207
Rugby605.xlsx,10.6243,852.7064
Rugby606.xlsx,19.4108,1528.6667
Rugby607.xlsx,20.7995,2375.7227
Rugby608.xlsx,24.4803,2853.6374
Rugby609.xlsx,36.8521,3371.7921
Rugby61.xlsx,74.9292,4535.3899
Rugby610.xlsx,12.9898,3116.5399
Rugby611.xlsx,10.1575,852.8228
Rugby612.xlsx,10.3828,444.7614
Rugby613.xlsx,30.2467,2817.3364
Rugby614.xlsx,30.2218,2817.2014
Rugby615.xlsx,31.4982,1351.0604
Rugby616.xlsx,8.7903,456.9342
Rugby617.xlsx,10.9143,1538.4321
Rugby618.xlsx,12.4643,1719.3854
Rugby619.xlsx,11.8755,815.0048
Rugby62.xlsx,36.9491,1335.7594
Rugby620.xlsx,51.5144,4890.1351
Rugby621.xlsx,9.1723,784.6463
Rugby622.xlsx,34.1517,5053.9118
Rugby623.xlsx,16.3215,1927.3584
Rugby624.xlsx,14.6162,1304.4792
Rugby625.xlsx,9.7925,247.1559
Rugby626.xlsx,6.6680,240.4307
Rugby627.xlsx,5.7668,509.7070
Rugby628.xlsx,5.7518,158.1149
Rugby629.xlsx,14.6626,2264.7135
Rugby63.xlsx,14.2441,1231.8315
Rugby630.xlsx,16.1770,681.2870
Rugby631.xlsx,16.1729,671.4588
Rugby632.xlsx,16.1631,669.6143
Rugby633.xlsx,16.1464,669.8776
Rugby634.xlsx,7.8919,898.1886
Rugby635.xlsx,4.3719,701.5628
Rugby636.xlsx,4.2804,1222.5438
Rugby637.xlsx,12.9263,318.8232
Rugby638.xlsx,15.4283,283.0286
Rugby639.xlsx,13.0199,242.0390
Rugby64.xlsx,22.8234,1635.6108
Rugby640.xlsx,5.5359,286.2181
Rugby641.xlsx,6.3030,287.9878
Rugby642.xlsx,7.6898,179.6575
Rugby643.xlsx,10.6832,871.9508
Rugby644.xlsx,7.3390,672.2921
Rugby645.xlsx,15.9246,147.1461
Rugby646.xlsx,3.5726,32.7603
Rugby647.xlsx,4.1966,489.1837
Rugby648.xlsx,3.6897,195.0398
Rugby649.xlsx,6.2277,417.9602
Rugby65.xlsx,13.3379,1040.8983
Rugby650.xlsx,10.6776,255.7816
Rugby651.xlsx,10.3390,1325.2758
Rugby652.xlsx,16.1243,1682.2172
Rugby653.xlsx,18.7899,1904.4801
Rugby654.xlsx,7.7928,561.9910
Rugby655.xlsx,7.5708,1009.1426
Rugby656.xlsx,6.7447,957.2764
Rugby657.xlsx,8.8993,698.7313
Rugby658.xlsx,13.4014,1548.8544
Rugby659.xlsx,16.4906,2164.4346
Rugby66.xlsx,9.7938,625.9275
Rugby660.xlsx,8.0500,143.8372
Rugby661.xlsx,6.6571,218.7427
Rugby662.xlsx,6.6181,333.5716
Rugby663.xlsx,36.7671,3449.6689
Rugby664.xlsx,18.8902,2121.7677
Rugby665.xlsx,25.8638,2892.7320
Rugby666.xlsx,25.8451,2890.6900
Rugby667.xlsx,20.7365,2519.8686
Rugby668.xlsx,20.7155,2519.2862
Rugby669.xlsx,23.4481,3045.1827
Rugby67.xlsx,9.8116,887.1209
Rugby670.xlsx,23.3236,3043.3063
Rugby671.xlsx,50.3821,5313.6258
Rugby672.xlsx,44.7084,4515.3035
Rugby673.xlsx,38.9517,2228.4901
Rugby674.xlsx,18.3238,1799.7032
Rugby675.xlsx,28.9073,3036.0286
Rugby676.xlsx,41.5340,4705.2327
Rugby677.xlsx,25.8279,2340.9779
Rugby678.xlsx,36.5994,3498.9461
Rugby679.xlsx,14.0089,1763.8162
Rugby68.xlsx,31.1702,2968.6775
Rugby680.xlsx,15.8397,784.4170
Rugby681.xlsx,13.2034,342.9145
Rugby682.xlsx,13.7004,163.7961
Rugby683.xlsx,7.0425,155.5598
Rugby684.xlsx,6.3041,323.4886
Rugby685.xlsx,4.2197,349.4161
Rugby686.xlsx,3.7416,500.0217
Rugby687.xlsx,8.7096,774.1370
Rugby688.xlsx,5.5235,214.0078
Rugby689.xlsx,22.4332,1596.0071
Rugby69.xlsx,14.3050,1783.5640
Rugby690.xlsx,4.2681,230.3085
Rugby691.xlsx,10.3100,573.7319
Rugby692.xlsx,11.7046,1394.7179
Rugby693.xlsx,8.8204,304.1342
Rugby694.xlsx,10.5571,607.9317
Rugby695.xlsx,28.2313,1675.2479
Rugby696.xlsx,40.4360,1022.4848
Rugby697.xlsx,11.5839,1335.2796
Rugby698.xlsx,9.4453,583.7507
Rugby699.xlsx,6.8021,210.6060
Rugby7.xlsx,16.2454,1649.1473
Rugby70.xlsx,31.1898,2958.8418
Rugby700.xlsx,17.7357,2190.2262
Rugby701.xlsx,6.8892,464.0934
Rugby702.xlsx,6.9051,464.1385
Rugby703.xlsx,8.8054,115.3804
Rugby704.xlsx,14.6399,1204.2195
Rugby705.xlsx,8.3240,459.6853
Rugby706.xlsx,18.2007,268.6418
Rugby707.xlsx,11.0190,317.3033
Rugby708.xlsx,14.6682,514.4260
Rugby709.xlsx,12.0221,392.7378
Rugby71.xlsx,14.4879,1551.0418
Rugby710.xlsx,37.5024,5415.5124
Rugby711.xlsx,4.9434,507.7681
Rugby712.xlsx,16.6338,2189.7121
Rugby713.xlsx,8.8050,182.5642
Rugby714.xlsx,6.5238,282.3173
Rugby715.xlsx,43.2253,4580.5652
Rugby716.xlsx,21.4538,2169.2581
Rugby717.xlsx,21.4557,2169.3052
Rugby718.xlsx,12.1747,720.9417
Rugby719.xlsx,27.4005,3818.7926
Rugby72.xlsx,15.1867,1826.3138
Rugby720.xlsx,18.1301,1912.4330
Rugby721.xlsx,9.0763,479.5253
Rugby722.xlsx,9.0305,1191.0721
Rugby723.xlsx,21.3603,1847.4764
Rugby724.xlsx,11.9247,601.5647
Rugby725.xlsx,12.0591,2085.8643
Rugby726.xlsx,14.4439,1833.3727
Rugby727.xlsx,30.2881,1722.0923
Rugby728.xlsx,10.3442,1178.6296
Rugby729.xlsx,11.6634,1195.4211
Rugby73.xlsx,21.1112,2396.8570
Rugby730.xlsx,14.9384,1443.7000
Rugby731.xlsx,19.3611,644.5641
Rugby732.xlsx,12.1781,933.2846
Rugby733.xlsx,12.2695,933.1810
Rugby734.xlsx,25.3793,2656.4007
Rugby735.xlsx,9.4874,486.8092
Rugby736.xlsx,32.8683,4331.7996
Rugby737.xlsx,10.8585,1151.8063
Rugby738.xlsx,27.2626,1678.3813
Rugby739.xlsx,14.4194,1391.2514
Rugby74.xlsx,23.3121,2543.3803
Rugby740.xlsx,29.2665,1553.9941
Rugby741.xlsx,29.2381,1553.8077
Rugby742.xlsx,25.9051,2633.9878
Rugby743.xlsx,5.9052,672.8207
Rugby744.xlsx,21.3552,3098.1274
Rugby745.xlsx,36.7395,3710.4360
Rugby746.xlsx,10.9949,1986.0142
Rugby747.xlsx,12.5488,901.0722
Rugby748.xlsx,10.0406,1093.3638
Rugby749.xlsx,11.9122,780.2804
Rugby75.xlsx,49.0577,2646.2414
Rugby750.xlsx,16.2907,1363.9231
Rugby751.xlsx,15.6885,1224.6211
Rugby752.xlsx,13.9336,700.7797
Rugby753.xlsx,10.7693,826.5347
Rugby754.xlsx,37.2025,4438.6672
Rugby755.xlsx,43.1147,2680.1238
Rugby756.xlsx,8.5298,148.0140
Rugby757.xlsx,11.5238,2460.6394
Rugby758.xlsx,17.5342,697.7274
Rugby759.xlsx,17.9800,2383.5188
Rugby76.xlsx,16.0668,3029.3457
Rugby760.xlsx,11.5575,391.1101
Rugby761.xlsx,19.6091,1223.9651
Rugby762.xlsx,29.9439,874.0199
Rugby763.xlsx,12.6711,1109.6927
Rugby764.xlsx,14.8295,1367.3419
Rugby765.xlsx,18.9897,828.3882
Rugby766.xlsx,27.1062,1957.7129
Rugby767.xlsx,14.2105,623.4074
Rugby768.xlsx,6.5281,164.6076
Rugby769.xlsx,14.7843,2167.8168
Rugby77.xlsx,8.2421,512.3436
Rugby770.xlsx,27.8731,1926.6275
Rugby771.xlsx,11.4512,569.9084
Rugby772.xlsx,13.9253,551.9936
Rugby773.xlsx,13.9241,666.7778
Rugby774.xlsx,12.3147,660.5386
Rugby775.xlsx,19.9873,2055.4201
Rugby776.xlsx,18.3881,914.9934
Rugby777.xlsx,15.0206,850.8452
Rugby778.xlsx,15.2963,987.5367
Rugby779.xlsx,35.9222,1395.9952
Rugby78.xlsx,31.3490,4649.0869
Rugby780.xlsx,34.9560,968.1458
Rugby781.xlsx,12.2404,385.5072
Rugby782.xlsx,15.2285,772.2771
Rugby783.xlsx,22.6063,2403.4140
Rugby784.xlsx,35.1336,2878.1115
Rugby785.xlsx,20.9041,1441.3637
Rugby786.xlsx,16.0415,961.8887
Rugby787.xlsx,16.0116,964.3268
Rugby788.xlsx,5.8868,820.6586
Rugby789.xlsx,18.2732,784.2302
Rugby79.xlsx,4.2939,436.6146
Rugby790.xlsx,12.4646,1081.5542
Rugby791.xlsx,16.3391,536.4583
Rugby792.xlsx,31.0597,2097.3476
Rugby793.xlsx,16.7222,1615.9682
Rugby794.xlsx,16.8282,1614.5109
Rugby795.xlsx,23.6937,1611.5421
Rugby796.xlsx,11.5848,1257.2613
Rugby797.xlsx,18.3228,1269.7348
Rugby798.xlsx,15.6358,1841.8766
Rugby799.xlsx,15.6366,1841.5553
Rugby8.xlsx,16.8608,1762.0946
Rugby80.xlsx,14.1691,1496.5299
Rugby800.xlsx,15.6436,1841.5416
Rugby801.xlsx,12.3957,1245.6563
Rugby802.xlsx,31.0404,1727.6227
Rugby803.xlsx,19.7750,1083.2395
Rugby804.xlsx,10.8817,1086.6812
Rugby805.xlsx,19.3596,1899.6508
Rugby806.xlsx,20.3320,2131.5633
Rugby807.xlsx,46.0016,1997.3108
Rugby808.xlsx,105.9179,5572.4676
Rugby809.xlsx,26.4274,2009.0678
Rugby81.xlsx,10.7111,586.8894
Rugby810.xlsx,9.5190,865.3943
Rugby811.xlsx,5.1877,1253.5702
Rugby812.xlsx,18.8308,1279.2051
Rugby813.xlsx,15.5222,2503.7273
Rugby814.xlsx,19.9978,1874.6492
Rugby815.xlsx,17.4328,2189.9663
Rugby816.xlsx,8.4314,616.3238
Rugby817.xlsx,11.5382,1267.9194
Rugby818.xlsx,11.9857,1170.1077
Rugby819.xlsx,9.3496,1191.6923
Rugby82.xlsx,16.5036,568.4316
Rugby820.xlsx,15.0101,1016.0251
Rugby821.xlsx,15.1737,935.5069
Rugby822.xlsx,15.7072,698.7889
Rugby823.xlsx,20.1796,2310.2176
Rugby824.xlsx,36.0077,4221.2443
Rugby825.xlsx,26.9362,839.6884
Rugby826.xlsx,24.2983,3229.4515
Rugby827.xlsx,11.6721,1137.1578
Rugby828.xlsx,11.4982,865.3525
Rugby829.xlsx,11.5087,864.8767
Rugby83.xlsx,4.2038,369.4104
Rugby830.xlsx,52.9086,1647.4103
Rugby831.xlsx,16.9994,1948.7514
Rugby832.xlsx,4.8665,910.5381
Rugby833.xlsx,6.0976,553.6919
Rugby834.xlsx,13.7390,1206.7257
Rugby835.xlsx,20.4846,1210.3096
Rugby836.xlsx,8.7113,741.2897
Rugby837.xlsx,17.0702,2167.7012
Rugby838.xlsx,14.5824,800.9650
Rugby839.xlsx,37.5061,3934.7815
Rugby84.xlsx,17.8069,2286.2752
Rugby840.xlsx,21.7062,2238.0855
Rugby841.xlsx,27.0735,2482.6432
Rugby842.xlsx,17.2645,2060.3755
Rugby843.xlsx,22.3453,2416.0261
Rugby844.xlsx,13.3011,1414.9849
Rugby845.xlsx,12.3955,1322.3172
Rugby846.xlsx,15.4225,2744.9158
Rugby847.xlsx,24.9569,2784.5210
Rugby848.xlsx,12.0294,1575.1934
Rugby849.xlsx,17.4933,1541.7298
Rugby85.xlsx,7.8406,1144.8520
Rugby850.xlsx,10.7060,689.6966
Rugby851.xlsx,28.4041,1518.3671
Rugby852.xlsx,13.5793,1066.4158
Rugby853.xlsx,13.2320,886.4646
Rugby854.xlsx,32.2769,2286.9435
Rugby855.xlsx,10.5796,1247.4063
Rugby856.xlsx,17.7151,1338.5036
Rugby857.xlsx,8.1883,267.7727
Rugby858.xlsx,11.3992,1639.6084
Rugby859.xlsx,10.9958,1003.3969
Rugby86.xlsx,16.3855,1440.9878
Rugby860.xlsx,23.2245,2541.7999
Rugby861.xlsx,37.6022,3553.0008
Rugby862.xlsx,12.6327,954.5479
Rugby863.xlsx,16.4900,1641.8796
Rugby864.xlsx,21.1651,1915.9138
Rugby865.xlsx,17.5211,1358.8639
Rugby866.xlsx,73.0139,3237.2937
Rugby867.xlsx,23.3129,2480.7471
Rugby868.xlsx,37.9970,4070.1484
Rugby869.xlsx,8.4963,979.7957
Rugby87.xlsx,16.0127,1610.9932
Rugby870.xlsx,11.0321,1184.9351
Rugby871.xlsx,22.2997,924.2262
Rugby872.xlsx,53.6196,1880.5021
Rugby873.xlsx,53.5262,4712.0552
Rugby874.xlsx,32.3749,3788.4707
Rugby875.xlsx,34.1814,4346.7254
Rugby876.xlsx,46.4135,4994.0207
Rugby877.xlsx,11.2743,891.0435
Rugby878.xlsx,7.8469,998.4292
Rugby879.xlsx,15.4480,688.0754
Rugby88.xlsx,16.3662,913.0731
Rugby880.xlsx,19.1399,1427.4388
Rugby881.xlsx,10.0117,905.3486
Rugby882.xlsx,11.8862,1033.3801
Rugby883.xlsx,79.5563,2010.8467
Rugby884.xlsx,10.1469,1200.3769
Rugby885.xlsx,16.0131,1629.1890
Rugby886.xlsx,31.5037,2838.9122
Rugby887.xlsx,26.6683,1541.6572
Rugby888.xlsx,15.7901,1111.8987
Rugby889.xlsx,14.1372,1991.3129
Rugby89.xlsx,14.0751,1045.4894
Rugby890.xlsx,31.0975,3213.9144
Rugby891.xlsx,40.4830,2577.4193
Rugby892.xlsx,14.2652,1836.3288
Rugby893.xlsx,21.7858,1550.5149
Rugby894.xlsx,16.4290,1573.5958
Rugby895.xlsx,19.2549,1951.5293
Rugby896.xlsx,35.7397,2404.1364
Rugby897.xlsx,9.9033,1314.4062
Rugby898.xlsx,10.2849,821.5409
Rugby899.xlsx,9.4151,789.6248
Rugby9.xlsx,21.9163,2452.7240
Rugby90.xlsx,10.0952,857.1333
Rugby900.xlsx,12.2185,1255.7087
Rugby901.xlsx,20.3934,1543.1407
Rugby902.xlsx,23.9571,2269.2956
Rugby903.xlsx,13.8596,1494.8302
Rugby904.xlsx,30.8032,1485.4148
Rugby905.xlsx,13.1923,813.5458
Rugby906.xlsx,13.2760,1393.8369
Rugby907.xlsx,65.1915,1146.1978
Rugby908.xlsx,11.2250,639.5320
Rugby909.xlsx,65.5721,2300.4303
Rugby91.xlsx,63.9107,3437.6953
Rugby910.xlsx,4.6107,570.6584
Rugby911.xlsx,21.2060,752.1581
Rugby912.xlsx,10.0570,968.8767
Rugby913.xlsx,10.7041,1282.2517
Rugby914.xlsx,44.0797,4315.4138
Rugby915.xlsx,12.4618,1298.4614
Rugby916.xlsx,9.5136,1072.3709
Rugby917.xlsx,10.8375,833.8714
Rugby918.xlsx,13.8439,1475.4820
Rugby919.xlsx,8.7392,70.5538
Rugby92.xlsx,37.7439,3003.6023
Rugby920.xlsx,7.7124,237.0606
Rugby921.xlsx,12.3591,1340.5763
Rugby922.xlsx,11.4826,353.4632
Rugby923.xlsx,17.3186,1463.4198
Rugby924.xlsx,6.4917,717.7996
Rugby925.xlsx,9.7034,980.2865
Rugby926.xlsx,14.9890,1651.8053
Rugby927.xlsx,17.0945,1702.7482
Rugby928.xlsx,8.9420,1017.2860
Rugby929.xlsx,17.6739,2261.2956
Rugby93.xlsx,24.9360,848.9219
Rugby930.xlsx,34.3400,3754.4950
Rugby931.xlsx,16.5782,1045.8254
Rugby932.xlsx,22.3080,2538.4845
Rugby933.xlsx,15.7905,1834.9082
Rugby934.xlsx,13.5742,1385.2010
Rugby935.xlsx,9.2139,194.8315
Rugby936.xlsx,8.6729,573.8172
Rugby937.xlsx,14.1580,476.3764
Rugby938.xlsx,27.6235,1270.6886
Rugby939.xlsx,12.5378,1705.0544
Rugby94.xlsx,25.3180,3208.3909
Rugby940.xlsx,24.0000,1703.0443
Rugby941.xlsx,26.9260,2357.2230
Rugby942.xlsx,10.7387,560.5803
Rugby943.xlsx,15.7527,1803.9030
Rugby944.xlsx,18.5792,1369.2061
Rugby945.xlsx,12.1552,627.5584
Rugby946.xlsx,12.0748,464.5892
Rugby947.xlsx,80.3947,1321.4826
Rugby948.xlsx,69.8129,2701.1353
Rugby949.xlsx,10.1233,1053.9700
Rugby95.xlsx,13.0202,1128.9716
Rugby950.xlsx,6.1330,256.5211
Rugby951.xlsx,17.0020,2055.1284
Rugby952.xlsx,7.7438,836.2641
Rugby953.xlsx,6.9668,656.2462
Rugby954.xlsx,12.3759,1180.3052
Rugby955.xlsx,18.2455,639.3163
Rugby956.xlsx,15.0830,1494.2556
Rugby957.xlsx,16.6918,2301.3654
Rugby958.xlsx,9.8160,693.8322
Rugby959.xlsx,43.7709,2546.1210
Rugby96.xlsx,24.0913,2475.3704
Rugby960.xlsx,15.7590,1685.3951
Rugby961.xlsx,22.6412,2563.5338
Rugby962.xlsx,41.3077,1857.0785
Rugby963.xlsx,38.1176,2086.0703
Rugby964.xlsx,14.3416,1161.2307
Rugby965.xlsx,10.8395,1469.6419
Rugby966.xlsx,14.2369,757.1892
Rugby967.xlsx,10.0722,1301.4076
Rugby968.xlsx,44.3378,1702.1969
Rugby969.xlsx,28.9520,970.7681
Rugby97.xlsx,15.1244,1901.3765
Rugby970.xlsx,27.6885,1443.8945
Rugby971.xlsx,46.9466,2044.5134
Rugby972.xlsx,16.8270,1646.9643
Rugby973.xlsx,6.7195,822.7499
Rugby974.xlsx,19.9462,1530.1749
Rugby975.xlsx,21.7457,2270.8940
Rugby976.xlsx,15.0244,1530.2288
Rugby977.xlsx,21.6801,1554.6151
Rugby978.xlsx,11.1763,1040.7231
Rugby979.xlsx,14.5133,1840.0626
Rugby98.xlsx,28.4128,3054.5112
Rugby980.xlsx,12.6131,983.5752
Rugby981.xlsx,12.8305,702.2877
Rugby982.xlsx,15.5722,1990.4232
Rugby983.xlsx,14.2612,657.9253
Rugby984.xlsx,20.3944,3611.8168
Rugby985.xlsx,8.9057,623.2698
Rugby986.xlsx,38.5738,4956.8064
Rugby987.xlsx,11.1639,1112.7424
Rugby988.xlsx,11.3827,1017.9379
Rugby989.xlsx,54.4109,2353.8732
Rugby99.xlsx,18.9351,2034.7189
Rugby990.xlsx,20.6067,2674.4599
Rugby991.xlsx,39.0990,4359.1020
Rugby992.xlsx,12.6278,1588.5438
Rugby993.xlsx,23.1398,2375.7630
Rugby994.xlsx,36.4180,3850.7128
Rugby995.xlsx,23.1108,1188.0051
Rugby996.xlsx,17.2698,1242.7388
Rugby997.xlsx,13.4012,890.7820
Rugby998.xlsx,13.5028,1073.5398
Rugby999.xlsx,21.5797,993.3839
